{
  "hash": "c2890401",
  "configHash": "21c8acb9",
  "lockfileHash": "1b9bfead",
  "browserHash": "bc0da19f",
  "optimized": {
    "@angular/common": {
      "src": "../../../../../../node_modules/@angular/common/fesm2022/common.mjs",
      "file": "@angular_common.js",
      "fileHash": "090c5c25",
      "needsInterop": false
    },
    "@angular/common/http": {
      "src": "../../../../../../node_modules/@angular/common/fesm2022/http.mjs",
      "file": "@angular_common_http.js",
      "fileHash": "173e61e7",
      "needsInterop": false
    },
    "@angular/core": {
      "src": "../../../../../../node_modules/@angular/core/fesm2022/core.mjs",
      "file": "@angular_core.js",
      "fileHash": "bc756996",
      "needsInterop": false
    },
    "@angular/forms": {
      "src": "../../../../../../node_modules/@angular/forms/fesm2022/forms.mjs",
      "file": "@angular_forms.js",
      "fileHash": "c757f7c2",
      "needsInterop": false
    },
    "@angular/platform-browser": {
      "src": "../../../../../../node_modules/@angular/platform-browser/fesm2022/platform-browser.mjs",
      "file": "@angular_platform-browser.js",
      "fileHash": "b2020df9",
      "needsInterop": false
    },
    "@angular/router": {
      "src": "../../../../../../node_modules/@angular/router/fesm2022/router.mjs",
      "file": "@angular_router.js",
      "fileHash": "ff1482bb",
      "needsInterop": false
    }
  },
  "chunks": {
    "chunk-335GYTB7": {
      "file": "chunk-335GYTB7.js"
    },
    "chunk-Y2IUP6TX": {
      "file": "chunk-Y2IUP6TX.js"
    },
    "chunk-2GM4SXI4": {
      "file": "chunk-2GM4SXI4.js"
    },
    "chunk-N3KE3DRU": {
      "file": "chunk-N3KE3DRU.js"
    },
    "chunk-N6SXN66H": {
      "file": "chunk-N6SXN66H.js"
    }
  }
}