{
  "hash": "6f55e4a7",
  "configHash": "2d8cf4fe",
  "lockfileHash": "1b9bfead",
  "browserHash": "ddc0f86d",
  "optimized": {
    "@angular/common": {
      "src": "../../../../../../node_modules/@angular/common/fesm2022/common.mjs",
      "file": "@angular_common.js",
      "fileHash": "5f95f781",
      "needsInterop": false
    },
    "@angular/common/http": {
      "src": "../../../../../../node_modules/@angular/common/fesm2022/http.mjs",
      "file": "@angular_common_http.js",
      "fileHash": "2c862f3c",
      "needsInterop": false
    },
    "@angular/core": {
      "src": "../../../../../../node_modules/@angular/core/fesm2022/core.mjs",
      "file": "@angular_core.js",
      "fileHash": "da6e4877",
      "needsInterop": false
    },
    "@angular/forms": {
      "src": "../../../../../../node_modules/@angular/forms/fesm2022/forms.mjs",
      "file": "@angular_forms.js",
      "fileHash": "d04b828e",
      "needsInterop": false
    },
    "@angular/platform-browser": {
      "src": "../../../../../../node_modules/@angular/platform-browser/fesm2022/platform-browser.mjs",
      "file": "@angular_platform-browser.js",
      "fileHash": "efe6110c",
      "needsInterop": false
    },
    "@angular/router": {
      "src": "../../../../../../node_modules/@angular/router/fesm2022/router.mjs",
      "file": "@angular_router.js",
      "fileHash": "9bdfda64",
      "needsInterop": false
    }
  },
  "chunks": {
    "chunk-B4INV7MS": {
      "file": "chunk-B4INV7MS.js"
    },
    "chunk-HI5LYNPZ": {
      "file": "chunk-HI5LYNPZ.js"
    },
    "chunk-YHLJATRA": {
      "file": "chunk-YHLJATRA.js"
    },
    "chunk-4LNBP2NR": {
      "file": "chunk-4LNBP2NR.js"
    },
    "chunk-N6SXN66H": {
      "file": "chunk-N6SXN66H.js"
    }
  }
}